{"cameraMode":{"drawMode":0,"name":"Shaded","section":"Shading Mode"},"sceneLighting":true,"audioPlay":false,"sceneViewState":{"showFog":true,"showMaterialUpdate":true,"showSkybox":true,"showFlares":true,"showImageEffects":true,"showParticleSystems":true},"in2DMode":false,"pivot":{"x":1035.46044921875,"y":593.4426879882813,"z":-5.077836513519287},"rotation":{"x":-0.12447268515825272,"y":0.014315695501863957,"z":-0.0017950915498659015,"w":-0.9921204447746277},"size":970.0856323242188,"orthographic":false}